Category,Name
AirAI
AirAPI
AirAR
AirARza
AirAiza
AirApp
AirAppla
AirBase
AirBay
AirBayra
AirBeam
AirBolt
AirCore
AirDX
AirDXza
AirDash
AirDeck
AirDock
AirEX
AirEXza
AirEdge
AirFit
AirFlow
AirGate
AirGear
AirGo
AirGoza
AirGrid
AirHub
AirIO
AirIOra
AirIQ
AirIQra
AirKey
AirKeyra
AirKit
AirLab
AirLink
AirLoop
AirLoopa
AirML
AirMLza
AirMesh
AirMode
AirNet
AirNode
AirOS
AirOne
AirOps
AirOpsra
AirPath
AirPeak
AirPeaka
AirPro
AirSpot
AirSync
AirTap
AirTier
AirTiera
AirUX
AirUXza
AirVR
AirXP
AirXPra
AirXR
AirXRza
AlloyAI
AlloyAR
AlloyDX
AlloyEX
AlloyGo
AlloyIO
AlloyIQ
AlloyML
AlloyOS
AlloyUX
AlloyVR
AlloyXP
AlloyXR
AlphaAI
AlphaAR
AlphaDX
AlphaEX
AlphaGo
AlphaIO
AlphaIQ
AlphaML
AlphaOS
AlphaUX
AlphaVR
AlphaXP
AlphaXR
AltivaAI
AltivaAR
AltivaDX
AltivaEX
AltivaGo
AltivaIO
AltivaIQ
AltivaML
AltivaOS
AltivaUX
AltivaVR
AltivaXP
AltivaXR
AltrixAI
AltrixAR
AltrixDX
AltrixEX
AltrixGo
AltrixIO
AltrixIQ
AltrixML
AltrixOS
AltrixUX
AltrixVR
AltrixXP
AltrixXR
ApexAI
ApexAPI
ApexAR
ApexARza
ApexAiza
ApexApp
ApexBay
ApexDX
ApexDXza
ApexEX
ApexEXza
ApexFit
ApexGo
ApexGoza
ApexHub
ApexIO
ApexIOra
ApexIQ
ApexIQra
ApexKey
ApexKit
ApexLab
ApexML
ApexMLza
ApexNet
ApexOS
ApexOne
ApexOps
ApexPro
ApexTap
ApexUX
ApexUXza
ApexVR
ApexXP
ApexXPra
ApexXR
ApexXRza
ArcAI
ArcAPI
ArcAR
ArcARza
ArcAiza
ArcApp
ArcAppla
ArcBase
ArcBay
ArcBayra
ArcBeam
ArcBolt
ArcCore
ArcDX
ArcDXza
ArcDash
ArcDeck
ArcDock
ArcEX
ArcEXza
ArcEdge
ArcFit
ArcFlow
ArcGate
ArcGear
ArcGo
ArcGoza
ArcGrid
ArcHub
ArcIO
ArcIOra
ArcIQ
ArcIQra
ArcKey
ArcKeyra
ArcKit
ArcLab
ArcLink
ArcLoop
ArcLoopa
ArcML
ArcMLza
ArcMesh
ArcMode
ArcNet
ArcNode
ArcOS
ArcOne
ArcOps
ArcOpsra
ArcPath
ArcPeak
ArcPeaka
ArcPro
ArcSpot
ArcSync
ArcTap
ArcTier
ArcTiera
ArcUX
ArcUXza
ArcVR
ArcXP
ArcXPra
ArcXR
ArcXRza
AstroAI
AstroAR
AstroDX
AstroEX
AstroGo
AstroIO
AstroIQ
AstroML
AstroOS
AstroUX
AstroVR
AstroXP
AstroXR
AtlasAI
AtlasAR
AtlasDX
AtlasEX
AtlasGo
AtlasIO
AtlasIQ
AtlasML
AtlasOS
AtlasUX
AtlasVR
AtlasXP
AtlasXR
AuvraAI
AuvraAPI
AuvraAR
AuvraApp
AuvraBay
AuvraDX
AuvraEX
AuvraFit
AuvraGo
AuvraHub
AuvraIO
AuvraIQ
AuvraKey
AuvraKit
AuvraLab
AuvraML
AuvraNet
AuvraOS
AuvraOne
AuvraOps
AuvraPro
AuvraTap
AuvraUX
AuvraVR
AuvraXP
AuvraXR
AxionaAI
AxionaAR
AxionaDX
AxionaEX
AxionaGo
AxionaIO
AxionaIQ
AxionaML
AxionaOS
AxionaUX
AxionaVR
AxionaXP
AxionaXR
AxisAI
AxisAPI
AxisAR
AxisARza
AxisAiza
AxisApp
AxisBay
AxisDX
AxisDXza
AxisEX
AxisEXza
AxisFit
AxisGo
AxisGoza
AxisHub
AxisIO
AxisIOra
AxisIQ
AxisIQra
AxisKey
AxisKit
AxisLab
AxisML
AxisMLza
AxisNet
AxisOS
AxisOne
AxisOps
AxisPro
AxisTap
AxisUX
AxisUXza
AxisVR
AxisXP
AxisXPra
AxisXR
AxisXRza
BayAI
BayAPI
BayAR
BayARza
BayAiza
BayApp
BayAppla
BayBase
BayBay
BayBayra
BayBeam
BayBolt
BayCore
BayDX
BayDXza
BayDash
BayDeck
BayDock
BayEX
BayEXza
BayEdge
BayFit
BayFlow
BayGate
BayGear
BayGo
BayGoza
BayGrid
BayHub
BayIO
BayIOra
BayIQ
BayIQra
BayKey
BayKeyra
BayKit
BayLab
BayLink
BayLoop
BayLoopa
BayML
BayMLza
BayMesh
BayMode
BayNet
BayNode
BayOS
BayOne
BayOps
BayOpsra
BayPath
BayPeak
BayPeaka
BayPro
BaySpot
BaySync
BayTap
BayTier
BayTiera
BayUX
BayUXza
BayVR
BayXP
BayXPra
BayXR
BayXRza
BeamAI
BeamAPI
BeamAR
BeamARza
BeamAiza
BeamApp
BeamBay
BeamDX
BeamDXza
BeamEX
BeamEXza
BeamFit
BeamGo
BeamGoza
BeamHub
BeamIO
BeamIOra
BeamIQ
BeamIQra
BeamKey
BeamKit
BeamLab
BeamML
BeamMLza
BeamNet
BeamOS
BeamOne
BeamOps
BeamPro
BeamTap
BeamUX
BeamUXza
BeamVR
BeamXP
BeamXPra
BeamXR
BeamXRza
BetaAI
BetaAPI
BetaAR
BetaARza
BetaAiza
BetaApp
BetaBay
BetaDX
BetaDXza
BetaEX
BetaEXza
BetaFit
BetaGo
BetaGoza
BetaHub
BetaIO
BetaIOra
BetaIQ
BetaIQra
BetaKey
BetaKit
BetaLab
BetaML
BetaMLza
BetaNet
BetaOS
BetaOne
BetaOps
BetaPro
BetaTap
BetaUX
BetaUXza
BetaVR
BetaXP
BetaXPra
BetaXR
BetaXRza
BluvioAI
BluvioAR
BluvioDX
BluvioEX
BluvioGo
BluvioIO
BluvioIQ
BluvioML
BluvioOS
BluvioUX
BluvioVR
BluvioXP
BluvioXR
BoltAI
BoltAPI
BoltAR
BoltARza
BoltAiza
BoltApp
BoltBay
BoltDX
BoltDXza
BoltEX
BoltEXza
BoltFit
BoltGo
BoltGoza
BoltHub
BoltIO
BoltIOra
BoltIQ
BoltIQra
BoltKey
BoltKit
BoltLab
BoltML
BoltMLza
BoltNet
BoltOS
BoltOne
BoltOps
BoltPro
BoltTap
BoltUX
BoltUXza
BoltVR
BoltXP
BoltXPra
BoltXR
BoltXRza
BoostAI
BoostAR
BoostDX
BoostEX
BoostGo
BoostIO
BoostIQ
BoostML
BoostOS
BoostUX
BoostVR
BoostXP
BoostXR
ByteAI
ByteAPI
ByteAR
ByteARza
ByteAiza
ByteApp
ByteBay
ByteDX
ByteDXza
ByteEX
ByteEXza
ByteFit
ByteGo
ByteGoza
ByteHub
ByteIO
ByteIOra
ByteIQ
ByteIQra
ByteKey
ByteKit
ByteLab
ByteML
ByteMLza
ByteNet
ByteOS
ByteOne
ByteOps
BytePro
ByteTap
ByteUX
ByteUXza
ByteVR
ByteXP
ByteXPra
ByteXR
ByteXRza
CalvixAI
CalvixAR
CalvixDX
CalvixEX
CalvixGo
CalvixIO
CalvixIQ
CalvixML
CalvixOS
CalvixUX
CalvixVR
CalvixXP
CalvixXR
ChainAI
ChainAR
ChainDX
ChainEX
ChainGo
ChainIO
ChainIQ
ChainML
ChainOS
ChainUX
ChainVR
ChainXP
ChainXR
ClarioAI
ClarioAR
ClarioDX
ClarioEX
ClarioGo
ClarioIO
ClarioIQ
ClarioML
ClarioOS
ClarioUX
ClarioVR
ClarioXP
ClarioXR
CloudAI
CloudAR
CloudDX
CloudEX
CloudGo
CloudIO
CloudIQ
CloudML
CloudOS
CloudUX
CloudVR
CloudXP
CloudXR
ClovixAI
ClovixAR
ClovixDX
ClovixEX
ClovixGo
ClovixIO
ClovixIQ
ClovixML
ClovixOS
ClovixUX
ClovixVR
ClovixXP
ClovixXR
CodeAI
CodeAPI
CodeAR
CodeARza
CodeAiza
CodeApp
CodeBay
CodeDX
CodeDXza
CodeEX
CodeEXza
CodeFit
CodeGo
CodeGoza
CodeHub
CodeIO
CodeIOra
CodeIQ
CodeIQra
CodeKey
CodeKit
CodeLab
CodeML
CodeMLza
CodeNet
CodeOS
CodeOne
CodeOps
CodePro
CodeTap
CodeUX
CodeUXza
CodeVR
CodeXP
CodeXPra
CodeXR
CodeXRza
CodexaAI
CodexaAR
CodexaDX
CodexaEX
CodexaGo
CodexaIO
CodexaIQ
CodexaML
CodexaOS
CodexaUX
CodexaVR
CodexaXP
CodexaXR
CoreAI
CoreAPI
CoreAR
CoreARza
CoreAiza
CoreApp
CoreBay
CoreDX
CoreDXza
CoreEX
CoreEXza
CoreFit
CoreGo
CoreGoza
CoreHub
CoreIO
CoreIOra
CoreIQ
CoreIQra
CoreKey
CoreKit
CoreLab
CoreML
CoreMLza
CoreNet
CoreOS
CoreOne
CoreOps
CorePro
CoreTap
CoreUX
CoreUXza
CoreVR
CoreXP
CoreXPra
CoreXR
CoreXRza
DashAI
DashAPI
DashAR
DashARza
DashAiza
DashApp
DashBay
DashDX
DashDXza
DashEX
DashEXza
DashFit
DashGo
DashGoza
DashHub
DashIO
DashIOra
DashIQ
DashIQra
DashKey
DashKit
DashLab
DashML
DashMLza
DashNet
DashOS
DashOne
DashOps
DashPro
DashTap
DashUX
DashUXza
DashVR
DashXP
DashXPra
DashXR
DashXRza
DataAI
DataAPI
DataAR
DataARza
DataAiza
DataApp
DataBay
DataDX
DataDXza
DataEX
DataEXza
DataFit
DataGo
DataGoza
DataHub
DataIO
DataIOra
DataIQ
DataIQra
DataKey
DataKit
DataLab
DataML
DataMLza
DataNet
DataOS
DataOne
DataOps
DataPro
DataTap
DataUX
DataUXza
DataVR
DataXP
DataXPra
DataXR
DataXRza
DeckAI
DeckAPI
DeckAR
DeckARza
DeckAiza
DeckApp
DeckBay
DeckDX
DeckDXza
DeckEX
DeckEXza
DeckFit
DeckGo
DeckGoza
DeckHub
DeckIO
DeckIOra
DeckIQ
DeckIQra
DeckKey
DeckKit
DeckLab
DeckML
DeckMLza
DeckNet
DeckOS
DeckOne
DeckOps
DeckPro
DeckTap
DeckUX
DeckUXza
DeckVR
DeckXP
DeckXPra
DeckXR
DeckXRza
DeltaAI
DeltaAR
DeltaDX
DelvixAI
DelvixAR
DelvixDX
DelvixEX
DelvixGo
DelvixIO
DelvixIQ
DelvixML
DelvixOS
DelvixUX
DelvixVR
DelvixXP
DelvixXR
DockAI
DockAR
DockARza
DockAiza
DockDX
DockDXza
DockEX
DockEXza
DockGo
DockGoza
DockIO
DockIOra
DockIQ
DockIQra
DockML
DockMLza
DockOS
DockUX
DockUXza
DockVR
DockXP
DockXPra
DockXR
DockXRza
EchoAI
EchoAR
EchoARza
EchoAiza
EchoDX
EchoDXza
EchoEX
EchoEXza
EchoGo
EchoGoza
EchoIO
EchoIOra
EchoIQ
EchoIQra
EchoML
EchoMLza
EchoOS
EchoUX
EchoUXza
EchoVR
EchoXP
EchoXPra
EchoXR
EchoXRza
EdgeAI
EdgeAR
EdgeARza
EdgeAiza
EdgeDX
EdgeDXza
EdgeEX
EdgeEXza
EdgeGo
EdgeGoza
EdgeIO
EdgeIOra
EdgeIQ
EdgeIQra
EdgeML
EdgeMLza
EdgeOS
EdgeUX
EdgeUXza
EdgeVR
EdgeXP
EdgeXPra
EdgeXR
EdgeXRza
ElevraAI
ElevraAR
ElevraDX
ElevraEX
ElevraGo
ElevraIO
ElevraIQ
ElevraML
ElevraOS
ElevraUX
ElevraVR
ElevraXP
ElevraXR
ElvixAI
ElvixAPI
ElvixAR
ElvixApp
ElvixBay
ElvixDX
ElvixEX
ElvixFit
ElvixGo
ElvixHub
ElvixIO
ElvixIQ
ElvixKey
ElvixKit
ElvixLab
ElvixML
ElvixNet
ElvixOS
ElvixOne
ElvixOps
ElvixPro
ElvixTap
ElvixUX
ElvixVR
ElvixXP
ElvixXR
EntriaAI
EntriaAR
EntriaDX
EntriaEX
EntriaGo
EntriaIO
EntriaIQ
EntriaML
EntriaOS
EntriaUX
EntriaVR
EntriaXP
EntriaXR
FlowAI
FlowAR
FlowARza
FlowAiza
FlowDX
FlowDXza
FlowEX
FlowEXza
FlowGo
FlowGoza
FlowIO
FlowIOra
FlowIQ
FlowIQra
FlowML
FlowMLza
FlowOS
FlowUX
FlowUXza
FlowVR
FlowXP
FlowXPra
FlowXR
FlowXRza
FluxAI
FluxAR
FluxARza
FluxAiza
FluxDX
FluxDXza
FluxEX
FluxEXza
FluxGo
FluxGoza
FluxIO
FluxIOra
FluxIQ
FluxIQra
FluxML
FluxMLza
FluxOS
FluxUX
FluxUXza
FluxVR
FluxXP
FluxXPra
FluxXR
FluxXRza
FuturaAI
FuturaAR
FuturaDX
FuturaEX
FuturaGo
FuturaIO
FuturaIQ
FuturaML
FuturaOS
FuturaUX
FuturaVR
FuturaXP
FuturaXR
GearAI
GearAR
GearARza
GearAiza
GearDX
GearDXza
GearEX
GearEXza
GearGo
GearGoza
GearIO
GearIOra
GearIQ
GearIQra
GearML
GearMLza
GearOS
GearUX
GearUXza
GearVR
GearXP
GearXPra
GearXR
GearXRza
GlowAI
GlowAR
GlowARza
GlowAiza
GlowDX
GlowDXza
GlowEX
GlowEXza
GlowGo
GlowGoza
GlowIO
GlowIOra
GlowIQ
GlowIQra
GlowML
GlowMLza
GlowOS
GlowUX
GlowUXza
GlowVR
GlowXP
GlowXPra
GlowXR
GlowXRza
GravixAI
GravixAR
GravixDX
GravixEX
GravixGo
GravixIO
GravixIQ
GravixML
GravixOS
GravixUX
GravixVR
GravixXP
GravixXR
GridAI
GridAR
GridARza
GridAiza
GridDX
GridDXza
GridEX
GridEXza
GridGo
GridGoza
GridIO
GridIOra
GridIQ
GridIQra
GridML
GridMLza
GridOS
GridUX
GridUXza
GridVR
GridXP
GridXPra
GridXR
GridXRza
HaloAI
HaloAR
HaloARza
HaloAiza
HaloDX
HaloDXza
HaloEX
HaloEXza
HaloGo
HaloGoza
HaloIO
HaloIOra
HaloIQ
HaloIQra
HaloML
HaloMLza
HaloOS
HaloUX
HaloUXza
HaloVR
HaloXP
HaloXPra
HaloXR
HaloXRza
HexAI
HexAPI
HexAR
HexARza
HexAiza
HexApp
HexAppla
HexBay
HexBayra
HexDX
HexDXza
HexEX
HexEXza
HexFit
HexGo
HexGoza
HexHub
HexIO
HexIOra
HexIQ
HexIQra
HexKey
HexKeyra
HexKit
HexLab
HexLoopa
HexML
HexMLza
HexNet
HexOS
HexOne
HexOps
HexOpsra
HexPeaka
HexPro
HexTap
HexTiera
HexUX
HexUXza
HexVR
HexXP
HexXPra
HexXR
HexXRza
HostAI
HostAR
HostARza
HostAiza
HostDX
HostDXza
HostEX
HostEXza
HostGo
HostGoza
HostIO
HostIOra
HostIQ
HostIQra
HostML
HostMLza
HostOS
HostUX
HostUXza
HostVR
HostXP
HostXPra
HostXR
HostXRza
InovraAI
InovraAR
InovraDX
InovraEX
InovraGo
InovraIO
InovraIQ
InovraML
InovraOS
InovraUX
InovraVR
InovraXP
InovraXR
IonAI
IonAPI
IonAR
IonARza
IonAiza
IonApp
IonAppla
IonBay
IonBayra
IonDX
IonDXza
IonEX
IonEXza
IonFit
IonGo
IonGoza
IonHub
IonIO
IonIOra
IonIQ
IonIQra
IonKey
IonKeyra
IonKit
IonLab
IonLoopa
IonML
IonMLza
IonNet
IonOS
IonOne
IonOps
IonOpsra
IonPeaka
IonPro
IonTap
IonTiera
IonUX
IonUXza
IonVR
IonXP
IonXPra
IonXR
IonXRza
KeyAI
KeyAPI
KeyAR
KeyARza
KeyAiza
KeyApp
KeyAppla
KeyBay
KeyBayra
KeyDX
KeyDXza
KeyEX
KeyEXza
KeyFit
KeyGo
KeyGoza
KeyHub
KeyIO
KeyIOra
KeyIQ
KeyIQra
KeyKey
KeyKeyra
KeyKit
KeyLab
KeyLoopa
KeyML
KeyMLza
KeyNet
KeyOS
KeyOne
KeyOps
KeyOpsra
KeyPeaka
KeyPro
KeyTap
KeyTiera
KeyUX
KeyUXza
KeyVR
KeyXP
KeyXPra
KeyXR
KeyXRza
KovaraAI
KovaraAR
KovaraDX
KovaraEX
KovaraGo
KovaraIO
KovaraIQ
KovaraML
KovaraOS
KovaraUX
KovaraVR
KovaraXP
KovaraXR
LiftAI
LiftAR
LiftARza
LiftAiza
LiftDX
LiftDXza
LiftEX
LiftEXza
LiftGo
LiftGoza
LiftIO
LiftIOra
LiftIQ
LiftIQra
LiftML
LiftMLza
LiftOS
LiftUX
LiftUXza
LiftVR
LiftXP
LiftXPra
LiftXR
LiftXRza
LinkAI
LinkAR
LinkARza
LinkAiza
LinkDX
LinkDXza
LinkEX
LinkEXza
LinkGo
LinkGoza
LinkIO
LinkIOra
LinkIQ
LinkIQra
LinkML
LinkMLza
LinkOS
LinkUX
LinkUXza
LinkVR
LinkXP
LinkXPra
LinkXR
LinkXRza
LoopAI
LoopAR
LoopARza
LoopAiza
LoopDX
LoopDXza
LoopEX
LoopEXza
LoopGo
LoopGoza
LoopIO
LoopIOra
LoopIQ
LoopIQra
LoopML
LoopMLza
LoopOS
LoopUX
LoopUXza
LoopVR
LoopXP
LoopXPra
LoopXR
LoopXRza
LovraAI
LovraAPI
LovraAR
LovraApp
LovraBay
LovraDX
LovraEX
LovraFit
LovraGo
LovraHub
LovraIO
LovraIQ
LovraKey
LovraKit
LovraLab
LovraML
LovraNet
LovraOS
LovraOne
LovraOps
LovraPro
LovraTap
LovraUX
LovraVR
LovraXP
LovraXR
LumoraAI
LumoraAR
LumoraDX
LumoraEX
LumoraGo
LumoraIO
LumoraIQ
LumoraML
LumoraOS
LumoraUX
LumoraVR
LumoraXP
LumoraXR
LunaAI
LunaAR
LunaARza
LunaAiza
LunaDX
LunaDXza
LunaEX
LunaEXza
LunaGo
LunaGoza
LunaIO
LunaIOra
LunaIQ
LunaIQra
LunaML
LunaMLza
LunaOS
LunaUX
LunaUXza
LunaVR
LunaXP
LunaXPra
LunaXR
LunaXRza
MeshAI
MeshAR
MeshARza
MeshAiza
MeshDX
MeshDXza
MeshEX
MeshEXza
MeshGo
MeshGoza
MeshIO
MeshIOra
MeshIQ
MeshIQra
MeshML
MeshMLza
MeshOS
MeshUX
MeshUXza
MeshVR
MeshXP
MeshXPra
MeshXR
MeshXRza
MetaAI
MetaAR
MetaARza
MetaAiza
MetaDX
MetaDXza
MetaEX
MetaEXza
MetaGo
MetaGoza
MetaIO
MetaIOra
MetaIQ
MetaIQra
MetaML
MetaMLza
MetaOS
MetaUX
MetaUXza
MetaVR
MetaXP
MetaXPra
MetaXR
MetaXRza
MindAI
MindAR
MindARza
MindAiza
MindDX
MindDXza
MindEX
MindEXza
MindGo
MindGoza
MindIO
MindIOra
MindIQ
MindIQra
MindML
MindMLza
MindOS
MindUX
MindUXza
MindVR
MindXP
MindXPra
MindXR
MindXRza
MintAI
MintAR
MintARza
MintAiza
MintDX
MintDXza
MintEX
MintEXza
MintGo
MintGoza
MintIO
MintIOra
MintIQ
MintIQra
MintML
MintMLza
MintOS
MintUX
MintUXza
MintVR
MintXP
MintXPra
MintXR
MintXRza
NeoAI
NeoAPI
NeoAR
NeoARza
NeoAiza
NeoApp
NeoAppla
NeoBay
NeoBayra
NeoDX
NeoDXza
NeoEX
NeoEXza
NeoFit
NeoGo
NeoGoza
NeoHub
NeoIO
NeoIOra
NeoIQ
NeoIQra
NeoKey
NeoKeyra
NeoKit
NeoLab
NeoLoopa
NeoML
NeoMLza
NeoNet
NeoOS
NeoOne
NeoOps
NeoOpsra
NeoPeaka
NeoPro
NeoTap
NeoTiera
NeoUX
NeoUXza
NeoVR
NeoXP
NeoXPra
NeoXR
NeoXRza
NexoraAI
NexoraAR
NexoraDX
NexoraEX
NexoraGo
NexoraIO
NexoraIQ
NexoraML
NexoraOS
NexoraUX
NexoraVR
NexoraXP
NexoraXR
NovaAI
NovaAR
NovaARza
NovaAiza
NovaDX
NovaDXza
NovaEX
NovaEXza
NovaGo
NovaGoza
NovaIO
NovaIOra
NovaIQ
NovaIQra
NovaML
NovaMLza
NovaOS
NovaUX
NovaUXza
NovaVR
NovaXP
NovaXPra
NovaXR
NovaXRza
OmniAI
OmniAR
OmniARza
OmniAiza
OmniDX
OmniDXza
OmniEX
OmniEXza
OmniGo
OmniGoza
OmniIO
OmniIOra
OmniIQ
OmniIQra
OmniML
OmniMLza
OmniOS
OmniUX
OmniUXza
OmniVR
OmniXP
OmniXPra
OmniXR
OmniXRza
OmniraAI
OmniraAR
OmniraDX
OmniraEX
OmniraGo
OmniraIO
OmniraIQ
OmniraML
OmniraOS
OmniraUX
OmniraVR
OmniraXP
OmniraXR
OrovixAI
OrovixAR
OrovixDX
OrovixEX
OrovixGo
OrovixIO
OrovixIQ
OrovixML
OrovixOS
OrovixUX
OrovixVR
OrovixXP
OrovixXR
PathAI
PathAR
PathARza
PathAiza
PathDX
PathDXza
PathEX
PathEXza
PathGo
PathGoza
PathIO
PathIOra
PathIQ
PathIQra
PathML
PathMLza
PathOS
PathUX
PathUXza
PathVR
PathXP
PathXPra
PathXR
PathXRza
PeakAI
PeakAR
PeakARza
PeakAiza
PeakDX
PeakDXza
PeakEX
PeakEXza
PeakGo
PeakGoza
PeakIO
PeakIOra
PeakIQ
PeakIQra
PeakML
PeakMLza
PeakOS
PeakUX
PeakUXza
PeakVR
PeakXP
PeakXPra
PeakXR
PeakXRza
PhorixAI
PhorixAR
PhorixDX
PhorixEX
PhorixGo
PhorixIO
PhorixIQ
PhorixML
PhorixOS
PhorixUX
PhorixVR
PhorixXP
PhorixXR
PortAI
PortAR
PortARza
PortAiza
PortDX
PortDXza
PortEX
PortEXza
PortGo
PortGoza
PortIO
PortIOra
PortIQ
PortIQra
PortML
PortMLza
PortOS
PortUX
PortUXza
PortVR
PortXP
PortXPra
PortXR
PortXRza
QuorixAI
QuorixAR
QuorixDX
QuorixEX
QuorixGo
QuorixIO
QuorixIQ
QuorixML
QuorixOS
QuorixUX
QuorixVR
QuorixXP
QuorixXR
SavraAI
SavraAPI
SavraAR
SavraApp
SavraBay
SavraDX
SavraEX
SavraFit
SavraGo
SavraHub
SavraIO
SavraIQ
SavraKey
SavraKit
SavraLab
SavraML
SavraNet
SavraOS
SavraOne
SavraOps
SavraPro
SavraTap
SavraUX
SavraVR
SavraXP
SavraXR
SkylisAI
SkylisAR
SkylisDX
SkylisEX
SkylisGo
SkylisIO
SkylisIQ
SkylisML
SkylisOS
SkylisUX
SkylisVR
SkylisXP
SkylisXR
SolvixAI
SolvixAR
SolvixDX
SolvixEX
SolvixGo
SolvixIO
SolvixIQ
SolvixML
SolvixOS
SolvixUX
SolvixVR
SolvixXP
SolvixXR
SpinAI
SpinAR
SpinARza
SpinAiza
SpinDX
SpinDXza
SpinEX
SpinEXza
SpinGo
SpinGoza
SpinIO
SpinIOra
SpinIQ
SpinIQra
SpinML
SpinMLza
SpinOS
SpinUX
SpinUXza
SpinVR
SpinXP
SpinXPra
SpinXR
SpinXRza
SyncAI
SyncAR
SyncARza
SyncAiza
SyncDXza
SyncEX
SyncEXza
SyncGo
SyncGoza
SyncIO
SyncIOra
SyncIQ
SyncIQra
SyncMLza
SyncOS
SyncUX
SyncUXza
SyncXPra
SyncXRza
TierAI
TierAR
TierARza
TierAiza
TierDX
TierDXza
TierEX
TierEXza
TierGo
TierGoza
TierIO
TierIOra
TierIQ
TierIQra
TierML
TierMLza
TierOS
TierUX
TierUXza
TierVR
TierXP
TierXPra
TierXR
TierXRza
TrivixAI
TrivixAR
TrivixDX
TrivixEX
TrivixGo
TrivixIO
TrivixIQ
TrivixML
TrivixOS
TrivixUX
TrivixVR
TrivixXP
TrivixXR
TyvoraAI
TyvoraAR
TyvoraDX
TyvoraEX
TyvoraGo
TyvoraIO
TyvoraIQ
TyvoraML
TyvoraOS
TyvoraUX
TyvoraVR
TyvoraXP
VibeAI
VibeAR
VibeDX
VibeEX
VibeGo
VibeIO
VibeIQ
VibeML
VibeOS
VibeUX
VibeVR
VibeXP
VibeXR
VoltAI
VoltAR
VoltDX
VoltEX
VoltGo
VoltIO
VoltIQ
VoltML
VoltOS
VoltUX
VoltVR
VoltXP
VoltXR
VylixAI
VylixAR
VylixDX
VylixEX
VylixGo
VylixIO
VylixIQ
VylixML
VylixOS
VylixUX
VylixVR
VylixXP
VylixXR
WaveAI
WaveAR
WaveDX
WaveEX
WaveGo
WaveIO
WaveIQ
WaveML
WaveOS
WaveUX
WaveVR
WaveXP
WaveXR
ZenvyAI
ZenvyAR
ZenvyDX
ZenvyEX
ZenvyGo
ZenvyIO
ZenvyIQ
ZenvyML
ZenvyOS
ZenvyUX
ZenvyVR
ZenvyXP
ZenvyXR
ZyvixAI
ZyvixAR
ZyvixDX
ZyvixEX
ZyvixGo
ZyvixIO
ZyvixIQ
ZyvixML
ZyvixOS
ZyvixUX
ZyvixVR
ZyvixXP
ZyvixXR
